{
  "results": [
    {
      "command": "js_b2-2",
      "mean": 3.737436386,
      "stddev": 0.10838207661125729,
      "median": 3.757814656,
      "user": 5.3193186400000005,
      "system": 0.7393810249999999,
      "min": 3.547098106,
      "max": 3.929670106,
      "times": [
        3.820350306,
        3.547098106,
        3.6987371060000003,
        3.648670706,
        3.755888306,
        3.791671406,
        3.636646106,
        3.759741006,
        3.929670106,
        3.785890706
      ]
    }
  ]
}
