{
  "results": [
    {
      "command": "js_b3-1",
      "mean": 2.8548306515000004,
      "stddev": 0.09188180178680341,
      "median": 2.8404556015000004,
      "user": 3.9565555449999996,
      "system": 0.4728400099999999,
      "min": 2.7146497015000004,
      "max": 3.0019607015000003,
      "times": [
        2.7358458015000005,
        2.7146497015000004,
        2.8424718015000003,
        2.9223368015,
        2.9651706015,
        3.0019607015000003,
        2.8865301015000004,
        2.8384394015,
        2.8216429015,
        2.8192587015000004
      ]
    }
  ]
}
