{
  "results": [
    {
      "command": "js_b2-3",
      "mean": 3.7228696685000005,
      "stddev": 0.18171528169900042,
      "median": 3.7137897285,
      "user": 5.413792065,
      "system": 0.731400315,
      "min": 3.4883294285,
      "max": 4.0955373285,
      "times": [
        3.5474362285,
        3.4883294285,
        4.0955373285,
        3.7959566285,
        3.8634841285,
        3.8047416285,
        3.5269984285000002,
        3.7240942285,
        3.7034852285,
        3.6786334285
      ]
    }
  ]
}
