{
  "results": [
    {
      "command": "js_b3-3",
      "mean": 2.747351052,
      "stddev": 0.08269315614005793,
      "median": 2.7208241319999997,
      "user": 3.7558398049999995,
      "system": 0.46896839999999995,
      "min": 2.636292732,
      "max": 2.922862532,
      "times": [
        2.743384232,
        2.738762532,
        2.860016032,
        2.705734032,
        2.725325432,
        2.716322832,
        2.712395632,
        2.712414532,
        2.922862532,
        2.636292732
      ]
    }
  ]
}
