{
  "results": [
    {
      "command": "js_b4",
      "mean": 2.4598823239999996,
      "stddev": 0.049976208187008465,
      "median": 2.466048544,
      "user": 3.3500980199999995,
      "system": 0.4829085,
      "min": 2.361880594,
      "max": 2.5312300939999997,
      "times": [
        2.361880594,
        2.470386294,
        2.490046294,
        2.489806694,
        2.5312300939999997,
        2.5066788939999998,
        2.461710794,
        2.452355794,
        2.416237394,
        2.418490394
      ]
    }
  ]
}
