{
  "results": [
    {
      "command": "js_b1",
      "mean": 7.444123454,
      "stddev": 0.3643892848259957,
      "median": 7.512762604,
      "user": 9.220467269999999,
      "system": 2.541774885,
      "min": 6.544731403999999,
      "max": 7.8646085039999996,
      "times": [
        6.544731403999999,
        7.751104904,
        7.392610304,
        7.5863233039999995,
        7.636563003999999,
        7.441568304,
        7.271271204,
        7.583956904,
        7.368496704,
        7.8646085039999996
      ]
    }
  ]
}
