{
  "results": [
    {
      "command": "js_b3-2",
      "mean": 2.960651693,
      "stddev": 0.29388458209573154,
      "median": 2.863711893,
      "user": 4.0476474499999995,
      "system": 0.5346474999999999,
      "min": 2.809321943,
      "max": 3.788627743,
      "times": [
        2.840842743,
        2.826715043,
        2.809321943,
        2.905782943,
        3.788627743,
        2.9532624430000003,
        2.8578981430000003,
        2.858246543,
        2.869177243,
        2.8966421430000002
      ]
    }
  ]
}
