{
  "results": [
    {
      "command": "js_b2-1",
      "mean": 4.0994101895,
      "stddev": 0.15041700201030336,
      "median": 4.0751402494999995,
      "user": 5.69408338,
      "system": 0.89517169,
      "min": 3.8443793995,
      "max": 4.299260899499999,
      "times": [
        4.2545092995,
        4.033201699499999,
        4.065283099499999,
        3.8443793995,
        4.1922627995,
        4.0792276995,
        3.9068074995,
        4.299260899499999,
        4.071052799499999,
        4.2481166995
      ]
    }
  ]
}
