{
  "results": [
    {
      "command": "py_b2-1",
      "mean": 101.69117693200002,
      "stddev": 1.2244453058531488,
      "median": 101.166211672,
      "user": 100.42242651499998,
      "system": 1.911660495,
      "min": 100.195846422,
      "max": 103.771209922,
      "times": [
        103.537173722,
        102.353835922,
        102.210092222,
        101.213831322,
        101.118592022,
        103.771209922,
        100.967035322,
        100.195846422,
        100.922353322,
        100.621799122
      ]
    }
  ]
}
