{
  "results": [
    {
      "command": "py_b2-2",
      "mean": 95.460278934,
      "stddev": 0.8161571665507482,
      "median": 95.39905130400001,
      "user": 94.32113915999999,
      "system": 1.77694968,
      "min": 94.415300154,
      "max": 97.121681554,
      "times": [
        96.185289354,
        95.545717154,
        95.742908254,
        94.415300154,
        95.252385454,
        95.799000554,
        94.451296654,
        94.979845954,
        95.109364254,
        97.121681554
      ]
    }
  ]
}
