{
  "results": [
    {
      "command": "py_b4",
      "mean": 50.166160753499994,
      "stddev": 0.32696711317366906,
      "median": 50.083615963499994,
      "user": 49.82018603499999,
      "system": 1.02346828,
      "min": 49.7203641635,
      "max": 50.8885833635,
      "times": [
        50.4662260635,
        49.9854254635,
        49.9647405635,
        49.9872511635,
        50.3084954635,
        50.0051367635,
        50.1732893635,
        50.8885833635,
        49.7203641635,
        50.1620951635
      ]
    }
  ]
}
