{
  "results": [
    {
      "command": "py_b1",
      "mean": 221.13868112999998,
      "stddev": 30.24284736307027,
      "median": 213.76587106,
      "user": 215.39267950999997,
      "system": 4.897782029999999,
      "min": 186.83914411,
      "max": 284.91374991000004,
      "times": [
        186.83914411,
        190.51969521,
        199.97735311,
        284.91374991000004,
        245.86866481,
        207.08966211,
        217.90532541,
        246.63232231,
        209.62641671,
        222.01447761
      ]
    }
  ]
}
