{
  "results": [
    {
      "command": "py_b3-1",
      "mean": 65.95520595950002,
      "stddev": 0.4141026279018058,
      "median": 66.00080710950002,
      "user": 65.247567235,
      "system": 1.3499821600000002,
      "min": 65.2860981095,
      "max": 66.63742690950001,
      "times": [
        66.63742690950001,
        66.04388060950001,
        65.95773360950001,
        65.7269986095,
        66.2256557095,
        65.2860981095,
        65.4924179095,
        66.1199392095,
        65.68143950950001,
        66.38046940950001
      ]
    }
  ]
}
