{
  "results": [
    {
      "command": "py_b2-3",
      "mean": 94.65686601249999,
      "stddev": 0.4494435241490399,
      "median": 94.4617906625,
      "user": 93.51308820499997,
      "system": 1.7743911349999997,
      "min": 94.1520764625,
      "max": 95.5933015625,
      "times": [
        95.5933015625,
        94.9659332625,
        94.4382931625,
        94.1520764625,
        94.9399620625,
        94.2951406625,
        94.4852881625,
        94.31154396250001,
        94.9940656625,
        94.3930551625
      ]
    }
  ]
}
