{
  "results": [
    {
      "command": "py_b3-2",
      "mean": 65.1637385375,
      "stddev": 0.31418606048732145,
      "median": 65.1301352775,
      "user": 64.48803606999999,
      "system": 1.30614813,
      "min": 64.5281253275,
      "max": 65.5727396275,
      "times": [
        65.2844924275,
        65.5727396275,
        65.0558520275,
        65.0532861275,
        65.5293820275,
        65.1661652275,
        64.5281253275,
        65.0941053275,
        65.4410307275,
        64.9122065275
      ]
    }
  ]
}
