{
  "results": [
    {
      "command": "py_b3-3",
      "mean": 61.7735794125,
      "stddev": 0.21990283013040426,
      "median": 61.7374848425,
      "user": 61.265206725,
      "system": 1.1442787799999998,
      "min": 61.433199792500005,
      "max": 62.0977031925,
      "times": [
        62.0197516925,
        62.0977031925,
        61.6008110925,
        61.9581570925,
        61.7790828925,
        61.931808492500004,
        61.433199792500005,
        61.6595167925,
        61.695886792500005,
        61.5598762925
      ]
    }
  ]
}
